index,x,y,z,norm,lowpass_filter,threshold_filter,moving_average
0,0.0,1.8452,-11.1106,11.262779204086351,11.26070557229341,11.262779204086351,
1,-0.157,1.806,-10.2861,10.444622454162715,10.861441080006323,10.444622454162715,
2,-0.1178,1.6882,-10.0506,10.192078121757113,10.609889590154449,10.192078121757113,
3,-0.0785,1.8452,-10.1683,10.334662557626157,10.53643358161806,10.334662557626157,
4,-0.4319,2.0415,-11.1106,11.30485259611995,10.547186537483816,11.30485259611995,10.707798986750458
5,-0.3141,1.8452,-10.718,10.88020890654219,10.550089779793213,10.88020890654219,10.631284927241627
6,0.0,1.806,-9.7757,9.941124005362774,10.571172998193505,9.941124005362774,10.530585237481636
7,0.3926,1.5704,-10.0113,10.141322330445869,10.68777384842739,10.141322330445869,10.520434079219388
8,-0.4319,1.7667,-11.1106,11.258472314661523,10.874094238586157,11.258472314661523,10.705196030626462
9,-0.7067,2.2771,-11.4639,11.709210584407474,11.009216099297756,11.709210584407474,10.786067628283966
10,-0.3141,1.806,-10.6395,10.796261161161302,11.032684532667052,10.796261161161302,10.769278079207789
11,-0.3926,1.8452,-10.6002,10.766760786791911,11.00208821895459,10.766760786791911,10.934405435493616
12,-0.4711,1.9237,-10.8358,11.015312911579045,10.999745298401507,11.015312911579045,11.10920355172025
13,-0.6282,1.8452,-10.9143,11.086989797505904,11.061752829061952,11.086989797505904,11.074907048289127
14,-0.2748,1.4919,-10.7965,10.902554420868533,11.186889825102032,10.902554420868533,10.91357581558134
15,0.0,1.8845,-10.9143,11.075797250762584,11.332268403699999,11.075797250762584,10.969483033501595
16,-0.9422,2.4734,-11.778,12.071732783656206,11.397848343281353,12.071732783656206,11.230477432874455
17,-0.3926,2.2771,-11.621,11.848500334219517,11.301018856041836,11.848500334219517,11.39711491740255
18,-0.0393,1.806,-10.3254,10.482226178155097,11.08630664392628,10.482226178155097,11.276162193532388
19,0.0,2.0023,-10.3646,10.556236945521826,10.885901629321088,10.556236945521826,11.206898698463046
20,-0.3141,1.8452,-10.5609,10.725485101383526,10.769488597772593,10.725485101383526,11.136836268587235
21,0.0,1.963,-10.8358,11.012171931095155,10.697591298316288,11.012171931095155,10.924924098075024
22,-0.4711,1.3348,-10.7572,10.849929865671943,10.610452386211612,10.849929865671943,10.72521000436551
23,-0.4319,1.963,-10.2469,10.44216769737012,10.515044018401897,10.44216769737012,10.717198308208514
24,-0.5104,1.8845,-10.2076,10.392639037799782,10.485079608758973,10.392639037799782,10.684478726664105
25,-0.5889,1.806,-10.3646,10.537237416419922,10.60595197102008,10.537237416419922,10.646829189671385
26,-0.5104,1.963,-10.2469,10.445709012316971,10.923052436375851,10.445709012316971,10.533536605915748
27,-0.3141,1.8845,-10.1291,10.307699349030315,11.369152683767737,10.307699349030315,10.425090502587421
28,-0.3533,2.7875,-12.5239,12.835226852299884,11.690611314961753,12.835226852299884,10.903702333573374
29,-2.0808,2.9052,-13.7017,14.160031729131118,11.59826844946687,14.160031729131118,11.657180871839643
30,0.4711,0.7852,-9.4617,9.505905592840696,11.12021763635572,9.505905592840696,11.450914507123796
31,-0.0785,1.1385,-9.5009,9.569192510865271,10.619547903297144,9.569192510865271,11.275611206833457
32,-0.3533,1.963,-10.2861,10.477692641989456,10.388509246040169,10.477692641989456,11.309609865425285
33,-0.5889,2.0415,-10.2469,10.464869089959988,10.430669825037835,10.464869089959988,10.835538312957306
34,-0.9815,1.7274,-10.4824,10.669018828833325,10.600203145948967,10.669018828833325,10.137335732897748
35,-0.3141,2.1986,-10.8358,11.061060636756315,10.754045450492834,11.061060636756315,10.448366741680871
36,-0.6674,1.8845,-10.9143,11.095886963194966,10.812434486193055,11.095886963194966,10.75370563214681
37,-0.0393,1.8845,-10.2469,10.41882163922581,10.781639691922898,10.41882163922581,10.74193143159408
38,-0.3533,1.806,-10.6395,10.79747272003963,10.715852563306578,10.79747272003963,10.80845215761001
39,-0.3533,1.7667,-10.4039,10.55874921522431,10.654391573207313,10.55874921522431,10.786398234888207
40,-0.3141,1.8452,-10.5217,10.686888824162061,10.607683620654816,10.686888824162061,10.711563872369355
41,-0.2356,1.6489,-10.6002,10.730266474323924,10.581887446597891,10.730266474323924,10.638439774595147
42,-0.2748,1.4134,-10.0506,10.15321500609536,10.592822810976902,10.15321500609536,10.585318447969057
43,-0.2356,1.6097,-10.6395,10.76315946643921,10.64086423745443,10.76315946643921,10.578455797248974
44,-0.2748,1.806,-10.6787,10.833825950697195,10.687258915432638,10.833825950697195,10.63347114434355
45,-0.0785,1.5704,-10.6002,10.71618208365274,10.68561662140114,10.71618208365274,10.639329796241686
46,-0.0393,1.806,-10.5609,10.714279691141163,10.623174549841096,10.714279691141163,10.636132439605133
47,-0.0393,1.3348,-10.3646,10.450271225666825,10.522041454149003,10.450271225666825,10.695543683519427
48,0.157,1.4526,-10.2076,10.311633891871839,10.416784755470756,10.311633891871839,10.605238568605952
49,0.0785,1.5704,-10.5609,10.677308987755294,10.338514633331537,10.677308987755294,10.573935176017574
50,0.0,1.2956,-9.6972,9.783366864224197,10.318150308374692,9.783366864224197,10.387372132131864
51,0.3533,1.7274,-10.0898,10.242694747477346,10.365374351663604,10.242694747477346,10.293055143399101
52,-0.1963,1.7274,-10.8358,10.974379530980329,10.43368258242223,10.974379530980329,10.397876804461802
53,-0.0393,1.5704,-10.2861,10.405361784195684,10.463850455837449,10.405361784195684,10.41662238292657
54,-0.0393,1.806,-10.0506,10.211647313239915,10.448117255201332,10.211647313239915,10.323490048023492
55,0.0,1.6882,-10.6002,10.733790536432132,10.410130527747139,10.733790536432132,10.513574782465081
56,0.3533,1.2171,-10.0506,10.130188234184002,10.371799588984523,10.130188234184002,10.491073479806413
57,-0.1178,1.3348,-10.2469,10.33414377149844,10.353611306924584,10.33414377149844,10.363026327910033
58,0.1178,1.7667,-10.4432,10.592239233042275,10.368812703423059,10.592239233042275,10.400401817679352
59,0.2748,1.6489,-10.2076,10.343572110736213,10.431995840338093,10.343572110736213,10.426786777178613
60,0.2356,1.5311,-10.1291,10.24687471280878,10.567947202152581,10.24687471280878,10.329403612453941
61,0.2748,2.0808,-10.3254,10.536561528316533,10.766981837884137,10.536561528316533,10.41067827128045
62,-0.3926,2.3556,-11.2676,11.517890252993384,10.94850060725021,11.517890252993384,10.647427567579438
63,-0.2748,2.0808,-11.1891,11.38425239047343,11.028320528844326,11.38425239047343,10.805830199065667
64,-0.2356,1.3741,-10.4039,10.49689446360208,11.012961978209596,10.49689446360208,10.836494669638842
65,0.0,1.7667,-10.9143,11.05636347901063,10.973739184770416,11.05636347901063,10.998392422879212
66,-0.2748,1.1778,-10.4824,10.551939994143257,10.947571243652549,10.551939994143257,11.001468116044554
67,-0.0393,1.7667,-11.1498,11.288968660599604,10.90053120622208,11.288968660599604,10.9556837975658
68,0.0,1.806,-10.5217,10.675570565079882,10.766415560723253,10.675570565079882,10.81394743248709
69,0.0393,1.4134,-10.7572,10.849727917786694,10.502985269987361,10.849727917786694,10.884514123324013
70,0.1178,1.4526,-10.3254,10.427742265706417,10.135479769273237,10.427742265706417,10.758789880663171
71,0.2356,1.4526,-9.3046,9.420251338472875,9.775087244810175,9.420251338472875,10.532452149529094
72,-0.1963,1.7667,-9.1083,9.280134237714453,9.572386021144606,9.280134237714453,10.130685264952064
73,0.5104,1.7274,-9.1868,9.361715289411444,9.617947694114676,9.361715289411444,9.867914209818377
74,0.3926,1.1385,-9.4224,9.499049361383486,9.876271654824645,9.499049361383486,9.597778498537735
75,0.1963,1.6097,-10.7965,10.917604134149581,10.198493954166477,10.917604134149581,9.695750872226366
76,0.1178,1.4919,-10.6002,10.705320288996495,10.42332577014351,10.705320288996495,9.952764662331091
77,0.1178,1.7274,-10.4039,10.546986432626147,10.499142679250259,10.546986432626147,10.206135101313432
78,0.157,1.5704,-10.0898,10.21248594613476,10.495013947460109,10.21248594613476,10.376289232658094
79,-0.0393,1.6097,-10.2469,10.372638921219615,10.505649516227459,10.372638921219615,10.55100714462532
80,0.0,1.9237,-9.972,10.155855734008828,10.56217028885999,10.155855734008828,10.398657464597168
81,0.0,1.8845,-11.1891,11.346686699649373,10.614068499120522,11.346686699649373,10.526930746727746
82,-0.0393,1.806,-10.4039,10.559560393311836,10.60016280658626,10.559560393311836,10.529445538864882
83,0.5104,2.0415,-10.0898,10.3069051829344,10.525689562321627,10.3069051829344,10.548329386224811
84,0.3141,1.963,-10.3646,10.553528365906825,10.440581266830405,10.553528365906825,10.584507275162252
85,0.2356,2.3949,-9.972,10.258257033726538,10.382553782223985,10.258257033726538,10.604987535105796
86,0.3926,1.806,-10.3254,10.489502176938618,10.37116297906322,10.489502176938618,10.433550630563644
87,0.0393,1.5311,-9.972,10.088934319342156,10.415199957154796,10.088934319342156,10.339425415769707
88,0.0,1.5311,-10.6002,10.710205751991882,10.500793403666364,10.710205751991882,10.420085529581204
89,0.0,1.4526,-10.4824,10.582568521866513,10.591127339983666,10.582568521866513,10.425893560773142
90,0.1178,2.1986,-10.6002,10.826447193793538,10.655464524970574,10.826447193793538,10.539531592786542
91,0.5889,1.5704,-10.3254,10.460728680641708,10.68999386369002,10.460728680641708,10.53377689352716
92,0.4319,2.12,-10.5217,10.741839158170261,10.700482238430395,10.741839158170261,10.66435786129278
93,0.5104,2.12,-10.6787,10.899061512350501,10.683305016003272,10.899061512350501,10.702129013364504
94,0.3533,2.0415,-10.2469,10.454257637441312,10.640113701211083,10.454257637441312,10.676466836479465
95,0.3533,2.0808,-10.6787,10.885273686040236,10.595435927898073,10.885273686040236,10.688232134928803
96,0.4711,1.9237,-9.9328,10.128330204925193,10.588186528470725,10.128330204925193,10.6217524397855
97,0.0393,2.12,-10.3646,10.579266404151092,10.63708962692959,10.579266404151092,10.589237888981668
98,0.0,1.9237,-10.875,11.04383297093903,10.711285580139533,11.04383297093903,10.618192180699372
99,0.1963,2.0808,-10.2469,10.457878462671099,10.754511276391087,10.457878462671099,10.61891634574533
100,0.0393,1.8845,-11.0321,11.191966545250214,10.727634206671736,11.191966545250214,10.680254917587325
101,0.0785,2.0023,-10.5217,10.710814088107401,10.633534083765873,10.710814088107401,10.796751694223769
102,0.0393,1.963,-9.972,10.163449094180578,10.53026527327537,10.163449094180578,10.713588232229664
103,0.2356,1.8452,-10.0506,10.221293008225524,10.484532922885958,10.221293008225524,10.549080239686962
104,0.3141,2.12,-10.6002,10.81467978490348,10.49930952637454,10.81467978490348,10.62044050413344
105,0.2356,2.0808,-10.0898,10.304819262849787,10.520928755466485,10.304819262849787,10.443011047653354
106,0.2748,1.963,-10.9535,11.131399116463303,10.502692501966978,11.131399116463303,10.527128053324535
107,0.1178,1.963,-9.815,10.010068473292277,10.4501916771775,10.010068473292277,10.496451929146875
108,0.2748,1.6097,-10.3254,10.4537330313147,10.413265693904743,10.4537330313147,10.54293993376471
109,0.0785,1.8452,-10.0898,10.257435806769642,10.431331740151343,10.257435806769642,10.431491138137941
110,0.0785,1.806,-10.5217,10.675859175729135,10.502271677515571,10.675859175729135,10.50569912071381
111,0.157,2.1986,-10.0898,10.327756532761605,10.597559720022002,10.327756532761605,10.34497060397347
112,0.0393,2.2378,-10.7965,11.026046688636866,10.678506460609325,11.026046688636866,10.548166247042388
113,0.3533,2.1986,-10.4039,10.639539372548043,10.712853979463661,10.639539372548043,10.585327515289057
114,0.0785,2.3949,-10.6002,10.867656062831578,10.699389593404677,10.867656062831578,10.707371566501445
115,0.2356,2.1986,-10.2861,10.521083714617994,10.672293788796713,10.521083714617994,10.676416474279218
116,0.3141,2.0808,-10.2861,10.499154283083946,10.674109729876779,10.499154283083946,10.710696024343687
117,0.1178,2.0808,-10.4824,10.687577613285436,10.7168653748006,10.687577613285436,10.6430022092734
118,0.3926,2.12,-10.6787,10.894180485470212,10.769070201300664,10.894180485470212,10.693930431857833
119,0.0393,2.1986,-10.3646,10.595297051522435,10.778351726055455,10.595297051522435,10.639458629596005
120,0.0393,2.0808,-11.0321,11.226687113302837,10.699791911457297,11.226687113302837,10.780579309332975
121,0.0785,2.12,-10.2076,10.42572107865926,10.529011229510273,10.42572107865926,10.765892668448036
122,0.2748,2.0808,-9.972,10.19048711691448,10.320821626295976,10.19048711691448,10.666474569173847
123,0.4711,2.0808,-9.972,10.197668745845787,10.154372113738722,10.197668745845787,10.52717222124896
124,0.7067,2.4734,-9.6972,10.032587915886907,10.092474828620029,10.032587915886907,10.414630394121854
125,0.5104,1.9237,-9.6187,9.822449772841804,10.16992153559888,9.822449772841804,10.133782926029648
126,0.0393,1.6882,-10.3254,10.462573722081963,10.37388432567872,10.462573722081963,10.141153454714189
127,0.3533,2.0808,-10.1291,10.346652421918888,10.626589040812485,10.346652421918888,10.17238651571507
128,0.2356,2.1593,-11.1891,11.397984148962482,10.807663940362819,11.397984148962482,10.412449596338408
129,0.157,2.3949,-10.7965,11.060045536072625,10.823967477359025,11.060045536072625,10.617941120375551
130,-0.1963,1.4919,-10.4824,10.58985406226167,10.681374880443009,10.58985406226167,10.771421978259525
131,0.5104,2.0023,-10.0898,10.299212469407552,10.472839770678156,10.299212469407552,10.738749727724644
132,0.0785,1.9237,-10.2076,10.387583053819593,10.302389814940634,10.387583053819593,10.746935854104784
133,0.4711,1.963,-9.7757,9.981964470984657,10.241937547064017,9.981964470984657,10.46373191850922
134,0.0785,2.0808,-9.8543,10.071897506428469,10.317463701033136,10.071897506428469,10.266102312580388
135,0.1178,1.8845,-10.4824,10.651099795326303,10.489785438472072,10.651099795326303,10.278351459193313
136,0.0393,2.2771,-10.5609,10.803672417747588,10.671139452880166,10.803672417747588,10.379243448861322
137,0.2748,2.3949,-10.6002,10.870846383331887,10.78385275555375,10.870846383331887,10.475896114763781
138,0.0,2.1593,-10.6395,10.85640533233722,10.797406775049689,10.85640533233722,10.650784287034295
139,0.0393,2.2771,-10.718,10.957292224815399,10.730621908515175,10.957292224815399,10.82786323071168
140,0.1963,2.0415,-10.0506,10.25771983922353,10.642254466656377,10.25771983922353,10.749187239491125
141,0.0393,2.1593,-10.4039,10.625688504280559,10.596193619790284,10.625688504280559,10.713590456797718
142,0.4711,2.3556,-10.1683,10.448210921492732,10.615389362299375,10.448210921492732,10.629063364429888
143,0.0785,2.0808,-10.6787,10.879821900196712,10.67571831288368,10.879821900196712,10.633746678001787
144,0.2748,2.4734,-10.1683,10.468407113310029,10.731957591007262,10.468407113310029,10.535969655700713
145,0.157,2.12,-10.9928,11.196459299260638,10.73856335239673,11.196459299260638,10.723717547708134
146,0.1963,2.1986,-10.2469,10.481952836184677,10.670908714235235,10.481952836184677,10.694970414088958
147,0.157,2.2771,-10.5217,10.76642950564392,10.54450102224374,10.76642950564392,10.758614130919195
148,0.0393,1.8845,-9.972,10.14857964150649,10.406180946753961,10.14857964150649,10.61236567918115
149,0.4319,2.2771,-10.0898,10.35257388575421,10.304305371665892,10.35257388575421,10.589199033669987
150,0.3141,2.0415,-9.7757,9.991530991294578,10.260080462259534,9.991530991294578,10.348213372076774
151,0.4319,2.2771,-10.3254,10.582325225582515,10.25738239560333,10.582325225582515,10.368287849956342
152,0.3533,1.963,-10.1291,10.32360676798569,10.27057839868279,10.32360676798569,10.279723302424696
153,0.3141,1.8452,-9.8935,10.069000153937827,10.300652529029287,10.069000153937827,10.263807404910965
154,0.2748,2.1986,-10.0898,10.33021882827271,10.360153214796721,10.33021882827271,10.259336393414666
155,0.2748,2.0808,-10.2076,10.421148758174407,10.432659501441169,10.421148758174407,10.34525994679063
156,0.0393,2.3163,-10.6002,10.850393090575105,10.48028701752959,10.850393090575105,10.398873519789147
157,0.4319,2.0415,-9.8543,10.07280935737394,10.484242530708999,10.07280935737394,10.348714037666799
158,0.5889,1.8452,-10.875,11.046139201096462,10.457740665802232,11.046139201096462,10.544141847098524
159,0.3141,2.12,-9.5794,9.816209205696463,10.435617713076429,9.816209205696463,10.441339922583277
160,0.157,2.0808,-10.4824,10.688081558446305,10.45306746798639,10.688081558446305,10.494726482637656
161,0.2748,2.3163,-10.1291,10.394201630717001,10.51710814823156,10.394201630717001,10.403488190666035
162,0.1178,2.2771,-10.3254,10.574164099823683,10.605265426577802,10.574164099823683,10.503759139155983
163,0.2356,2.1986,-10.4432,10.67472601802969,10.679007598635096,10.67472601802969,10.429476502542627
164,0.2748,2.4341,-10.718,10.994356818386422,10.695062046766926,10.994356818386422,10.66510602508062
165,0.2356,2.1986,-10.4824,10.713078879575189,10.63952658446024,10.713078879575189,10.670105489306398
166,0.3926,2.0415,-9.972,10.186394897607299,10.54795908238912,10.186394897607299,10.628544142684456
167,0.1963,2.1593,-10.5609,10.781174286226895,10.470592937501713,10.781174286226895,10.669946179965098
168,0.4711,1.8845,-9.8935,10.082391467801674,10.437392332156923,10.082391467801674,10.551479269919495
169,0.3926,1.963,-10.4039,10.594745819036907,10.455079173643473,10.594745819036907,10.471557070049593
170,0.2748,2.2378,-10.1683,10.415257498977162,10.50733612705925,10.415257498977162,10.411992793929986
171,0.2748,2.2771,-10.5609,10.807095273939247,10.566107775527911,10.807095273939247,10.536132869196377
172,0.2748,2.3949,-10.3254,10.603063057909257,10.620921155807892,10.603063057909257,10.50051062353285
173,0.4319,2.2771,-10.0898,10.35257388575421,10.68524101818703,10.35257388575421,10.554547107123357
174,0.2356,2.5519,-10.6395,10.94379555821471,10.761245983269257,10.94379555821471,10.624357054958917
175,0.2356,2.5912,-10.6395,10.953026296416894,10.822681106823083,10.953026296416894,10.731910814446863
176,0.3141,2.3163,-10.6002,10.85486732023934,10.851290385270396,10.85486732023934,10.741465223706882
177,0.157,2.1986,-10.5609,10.788470687266106,10.861804499442975,10.788470687266106,10.778546749578252
178,0.5496,2.4341,-10.4432,10.737193730672832,10.87754124663072,10.737193730672832,10.855470718561977
179,0.0785,2.2378,-10.8358,11.064740066083795,10.901406445894942,11.064740066083795,10.879659620135794
180,0.0785,2.3556,-10.4824,10.744101794473096,10.917126555204643,10.744101794473096,10.837874719747035
181,0.1963,2.2378,-10.8358,11.066202789123286,10.903022158949758,11.066202789123286,10.880141813523823
182,0.3533,2.4734,-10.5609,10.852425409096346,10.841490770155993,10.852425409096346,10.89293275788987
183,0.2356,2.3949,-10.6395,10.9082543800555,10.734585902160383,10.9082543800555,10.927144887766406
184,0.2748,2.1986,-10.2469,10.483716736444189,10.616940903560952,10.483716736444189,10.810940221838482
185,0.0,2.0808,-10.0898,10.302125638915495,10.537343024463055,10.302125638915495,10.722544990726963
186,0.1963,2.2771,-10.2469,10.49869885795378,10.513682481396708,10.49869885795378,10.609044204493063
187,0.157,2.1593,-10.718,10.93447527273257,10.522104631757445,10.93447527273257,10.625454177220307
188,0.3926,2.1986,-9.8935,10.14245132943708,10.541305081018686,10.14245132943708,10.472293567096623
189,0.3533,2.1593,-10.5217,10.746793394775949,10.57229737462927,10.746793394775949,10.524908898762975
190,0.3533,2.1986,-10.2469,10.48606801713588,10.610642857262231,10.48606801713588,10.561697374407052
191,0.3141,2.0415,-10.5217,10.722525446460828,10.635782314245843,10.722525446460828,10.606462692108462
192,0.3141,2.12,-10.5609,10.77616200787646,10.628519371261206,10.77616200787646,10.574800039137239
193,0.1963,2.2378,-10.2861,10.528539107587529,10.59099295414906,10.528539107587529,10.65201759476733
194,0.3533,2.4341,-10.1291,10.42345098851623,10.54697581624633,10.42345098851623,10.587349113515383
195,0.4711,2.3949,-10.4824,10.762815197707337,10.521700961203067,10.762815197707337,10.642698549629676
196,0.2748,2.2771,-9.8543,10.117703689078862,10.531778069225716,10.117703689078862,10.521734198153283
197,0.2356,2.1593,-10.718,10.935886239806996,10.58168959675233,10.935886239806996,10.55367904453939
198,0.3533,2.2378,-10.1291,10.379365902597325,10.660954566782303,10.379365902597325,10.52384440354135
199,0.4711,2.12,-10.3646,10.589677444096207,10.742341552946307,10.589677444096207,10.557089694657346
200,0.157,2.1986,-11.0713,11.288586034131999,10.775528012812925,11.288586034131999,10.662243861942278
201,0.3141,2.2771,-10.6002,10.846570115017926,10.724502529944257,10.846570115017926,10.80801714713009
202,0.2748,2.12,-9.8543,10.083508493079183,10.616296087009813,10.083508493079183,10.637541597784528
203,0.3926,2.0023,-10.718,10.910493300030023,10.504630021970488,10.910493300030023,10.743767077271068
204,0.4319,2.12,-9.815,10.0506299608532,10.415644194942415,10.0506299608532,10.635957580622467
205,0.2748,1.963,-10.4432,10.629642998708846,10.353179839291275,10.629642998708846,10.504168973537835
206,0.4319,1.963,-10.0506,10.249608137387497,10.319218415635579,10.249608137387497,10.38477657801175
207,0.4319,2.12,-9.972,10.204005174930087,10.32187248340097,10.204005174930087,10.408875914381932
208,0.5496,1.9237,-10.0506,10.2477920651231,10.361540827470158,10.2477920651231,10.276335667400545
209,0.5889,2.3556,-10.4432,10.721757356422499,10.413428422250785,10.721757356422499,10.410561146514405
210,0.3533,2.0415,-10.0898,10.300320731899566,10.448660357568585,10.300320731899566,10.34469669315255
211,0.4319,2.2378,-10.4432,10.68899961128262,10.4650810711548,10.68899961128262,10.432574987931574
212,0.2748,2.12,-10.0898,10.313776179460168,10.488514091800601,10.313776179460168,10.45452918883759
213,0.4711,1.8845,-10.0113,10.198009764164771,10.545147736214924,10.198009764164771,10.444572728645925
214,0.2356,2.0808,-10.5609,10.766514979788028,10.615866498571318,10.766514979788028,10.453524253319031
215,0.3926,2.12,-10.7965,11.009675154608333,10.635025832409745,11.009675154608333,10.595395137860784
216,0.2748,2.1593,-10.1683,10.39867378178583,10.557023504318154,10.39867378178583,10.537329971961427
217,0.5496,1.9237,-10.4432,10.633113753270957,10.398218235984068,10.633113753270957,10.601197486723583
218,0.6282,2.2771,-10.0506,10.324455434065275,10.22610364794683,10.324455434065275,10.626486620703684
219,0.5889,1.7274,-9.3439,9.520461185257782,10.135519746666269,9.520461185257782,10.377275861797635
220,0.3926,2.0808,-9.8543,10.079240640544308,10.186106731003465,10.079240640544308,10.19118895898483
221,0.2356,1.963,-10.0898,10.281679843294091,10.333264612114455,10.281679843294091,10.167790171286482
222,0.2356,2.3949,-11.0321,11.291513794881535,10.462325964681654,11.291513794881535,10.299470179608598
223,0.3141,2.2378,-10.1291,10.378105533284964,10.51250302120372,10.378105533284964,10.310200199452535
224,0.3926,2.0023,-9.7365,9.948003432850232,10.527362276611465,9.948003432850232,10.395708648971027
225,0.2748,2.1986,-10.6787,10.906144629978092,10.564682769601102,10.906144629978092,10.561089446857782
226,0.4319,2.3163,-10.2469,10.51431133788609,10.6254346176683,10.51431133788609,10.607615745776183
227,0.0785,2.1593,-10.4824,10.702777606771058,10.686128361906691,10.702777606771058,10.489868508154087
228,0.2748,2.1593,-10.3646,10.590704636142016,10.724812293649437,10.590704636142016,10.532388328725498
229,0.2748,2.1986,-10.6787,10.906144629978092,10.709441744148224,10.906144629978092,10.72401656815107
230,0.3533,1.8452,-10.875,11.036086667383508,10.618430953289105,11.036086667383508,10.750004975632153
231,0.3533,1.8845,-9.8935,10.07757428104601,10.486768569568856,10.07757428104601,10.662657564264137
232,0.4319,2.1986,-9.815,10.067502399801054,10.384899353057916,10.067502399801054,10.535602522870136
233,0.0393,1.963,-10.7965,10.973573972958855,10.347034106085218,10.973573972958855,10.612176390233504
234,0.2356,1.8845,-9.2654,9.458038103644963,10.362583401980043,9.458038103644963,10.322555084966877
235,0.1178,2.1593,-10.6787,10.895461762587209,10.390554524516954,10.895461762587209,10.294430104007619
236,-0.2356,2.2378,-10.4824,10.721192375850737,10.364572188951502,10.721192375850737,10.423153722968562
237,-0.1178,2.0808,-9.7757,9.995394738078131,10.253760009599546,9.995394738078131,10.40873219062398
238,-0.1178,2.0808,-10.5609,10.764581473053191,10.111846575046641,10.764581473053191,10.366933690642846
239,-0.6674,1.2171,-8.9905,9.097023986997067,10.052513740194454,9.097023986997067,10.294730867313266
240,0.0785,2.2378,-9.8543,10.105500461629795,10.170389236422407,10.105500461629795,10.136738607121783
241,-0.7459,1.3348,-10.5217,10.632225954145255,10.458078011991564,10.632225954145255,10.118945322780688
242,-0.0393,1.8845,-10.1291,10.302987506058617,10.809039841864928,10.302987506058617,10.180463876376786
243,-0.0393,1.806,-11.778,11.915723414463764,11.076833009020696,11.915723414463764,10.4106922646589
244,-0.4319,1.8845,-10.7572,10.929557616847992,11.13690541905117,10.929557616847992,10.777198990629085
245,-0.0785,1.806,-11.2284,11.372983988821932,10.94655006693521,11.372983988821932,11.030695696067513
246,-0.8245,2.1593,-10.4824,10.734201716941973,10.565497530808383,10.734201716941973,11.051090848626856
247,-0.5104,1.06,-9.972,10.04115990112696,10.145858972099731,10.04115990112696,10.998725327640525
248,-0.1963,1.1778,-9.2261,9.303046153814352,9.884214877225006,9.303046153814352,10.476189875510642
249,-0.3141,0.903,-9.6187,9.666098359731293,9.91530326121963,9.666098359731293,10.223498024087302
250,0.0785,1.1385,-9.5009,9.569192510865271,10.215483398912165,9.569192510865271,9.86273972849597
251,-0.1963,1.7274,-11.4247,11.556219733978754,10.597701073675863,11.556219733978754,10.027143331903327
252,-0.3926,1.8452,-11.4247,11.579407061244543,10.848675610057168,11.579407061244543,10.334792763926842
253,-0.6282,1.4526,-10.0898,10.213165329122994,10.906616840419472,10.213165329122994,10.516816598988573
254,-0.157,1.5311,-10.6002,10.711356415039132,10.846992560846664,10.711356415039132,10.72586821005014
255,-0.3533,1.5311,-10.9143,11.026832391489409,10.729821935218006,11.026832391489409,11.017396186174967
256,-0.5496,1.5311,-10.2861,10.413941644737596,10.561649662621234,10.413941644737596,10.788940568326733
257,-0.0393,1.4526,-10.8358,10.932801694442281,10.364433857928725,10.932801694442281,10.659619494966282
258,-0.1178,0.7067,-9.658,9.684537455655793,10.216295121924205,9.684537455655793,10.553893920272843
259,-0.1178,0.9422,-9.2261,9.274833631391994,10.197322405607549,9.274833631391994,10.266589363543414
260,-0.0785,1.5704,-11.1891,11.299038774161279,10.2777035503007,11.299038774161279,10.32103064007779
261,-0.4711,1.6097,-10.6395,10.77088805763016,10.351419647743828,10.77088805763016,10.392419922656302
262,0.0785,1.5311,-9.3831,9.507523077542333,10.391925589610857,9.507523077542333,10.107364199276311
263,0.157,1.4919,-10.4039,10.511496079055542,10.437898905259733,10.511496079055542,10.272755923956261
264,-0.1963,1.5704,-10.9143,11.02844659686939,10.476191019503375,11.02844659686939,10.62347851705174
265,-0.157,1.4526,-10.2469,10.35053889273404,10.476191506312848,10.35053889273404,10.433778540766292
266,0.0,1.4134,-10.2469,10.343918946414846,10.46898577839275,10.343918946414846,10.34838471852323
267,0.0,1.4134,-10.4824,10.577259064615937,10.517687222892906,10.577259064615937,10.56233191593795
268,0.0,1.4526,-9.8543,9.960786879057297,10.65146379524766,9.960786879057297,10.4521900759383
269,-0.3926,1.3741,-11.1498,11.241010880254498,10.822571073304061,11.241010880254498,10.494702932615322
270,-0.3533,1.806,-11.4247,11.571958649252078,10.932696740626128,11.571958649252078,10.738986883918932
271,-0.1178,1.6489,-10.4039,10.534414234308427,10.941160850642614,10.534414234308427,10.77708594149765
272,-0.157,1.8845,-10.5217,10.690283445259999,10.895205041248106,10.690283445259999,10.799690817626459
273,-0.3533,1.6097,-10.8358,10.960406772560955,10.837314297735508,10.960406772560955,10.99961479632719
274,0.0,1.7667,-10.4039,10.5528367797479,10.753296763413712,10.5528367797479,10.861979976225872
275,-0.4319,1.5311,-10.9928,11.10731545694098,10.605759261770592,11.10731545694098,10.769051337763653
276,-0.5496,1.3348,-10.5217,10.620259982222656,10.396023021826084,10.620259982222656,10.7862204873465
277,0.2356,1.6097,-9.5794,9.71656038987048,10.206011025860835,9.71656038987048,10.591475876268595
278,0.157,1.4919,-9.6972,9.81254821389429,10.143047219232962,9.81254821389429,10.361904164535261
279,-0.2748,1.3348,-10.0506,10.14257198347638,10.227751784876949,10.14257198347638,10.279851205280957
280,-0.2748,1.5704,-10.8358,10.952453279516877,10.378213800546094,10.952453279516877,10.248878769796136
281,-0.3926,1.4134,-10.4432,10.545722382084595,10.51274059865205,10.545722382084595,10.233971249768524
282,-0.0393,1.5704,-10.0506,10.172623113533696,10.621961178739243,10.172623113533696,10.325183794501168
283,0.0,1.806,-10.4039,10.559487260752768,10.710095950878573,10.559487260752768,10.474571603872864
284,-0.7067,1.4919,-11.3069,11.426774615349688,10.725693151294903,11.426774615349688,10.731412130247524
285,0.0,1.8452,-10.5217,10.682271946079634,10.623056547497757,10.682271946079634,10.677375863560076
286,0.0,1.2956,-10.0898,10.172641908570261,10.448216470780956,10.172641908570261,10.602759768857208
287,0.157,1.6882,-10.0506,10.19260656554544,10.300165357600024,10.19260656554544,10.606756459259557
288,0.0,1.3741,-10.0506,10.144097356098273,10.241306648670975,10.144097356098273,10.523678478328659
289,-0.0393,1.2563,-10.3254,10.401620995787148,10.276575577055947,10.401620995787148,10.318647754416151
290,-0.3141,1.2956,-10.0898,10.177489975922354,10.381674182797342,10.177489975922354,10.217691360384695
291,-0.0393,1.4919,-10.5217,10.627016561105002,10.518917583180329,10.627016561105002,10.308566290891644
292,-0.1178,1.6097,-10.5609,10.683520943022483,10.640416973344653,10.683520943022483,10.406749166387051
293,-0.4319,1.6882,-10.9535,11.091245155526948,10.713218393726773,11.091245155526948,10.596178726272786
294,0.0,1.8452,-10.2469,10.411710841643654,10.75315993707423,10.411710841643654,10.598196695444088
295,-0.1963,1.5704,-10.5609,10.678824778972638,10.807123638331348,10.678824778972638,10.698463656054145
296,-0.4319,1.6489,-10.7572,10.891407652824311,10.892330503530266,10.891407652824311,10.751341874398008
